{
  "acc": 0.8768898488120951,
  "f1": 0.929368029739777,
  "auc": 0.8633878365421991,
  "prec": 0.8960573476702509,
  "rec": 0.9652509652509652,
  "loss": 0.30272310972213745
}