{
  "accuracy": 0.8768898488120951,
  "precision": 0.8960573476702509,
  "recall": 0.9652509652509652,
  "f1": 0.929368029739777,
  "auc": 0.8633878365421991
}